{"calculatedParameters": {"effective_density": {"negative_electrode": 1777.6000000000001, "positive_electrode": 2233.12}, "cell": {"mass": 35.3283477632}, "mass_loadings": {"negative_electrode": 15.998399999999998, "positive_electrode": 16.971711999999997}}}