{"calculatedParameters": {"effective_density": {"negative_electrode": 1770.4, "positive_electrode": 3151.12}, "mass_loadings": {"negative_electrode": 34.522800000000004, "positive_electrode": 23.948511999999994}, "cell": {"mass": 46.811894643200006}}}