{"calculatedParameters": {"effective_density": {"negative_electrode": 1569.6000000000001, "positive_electrode": 3151.12}, "mass_loadings": {"negative_electrode": 14.126399999999999, "positive_electrode": 23.948511999999994}, "cell": {"mass": 37.01659224320001}}}