{
   "calculatedParameters": {
      "effective_density": {
         "negative_electrode": 1792.5300000000002,
         "positive_electrode": 3151.12
      },
      "mass_loadings": {
         "negative_electrode": 16.13277,
         "positive_electrode": 23.948511999999994
      },
      "cell": {
         "mass": 37.8789725672
      }
   }
}