{"calculatedParameters": {"effective_density": {"negative_electrode": 1589.6000000000001, "positive_electrode": 3151.12}, "mass_loadings": {"negative_electrode": 13.5116, "positive_electrode": 23.948511999999994}, "cell": {"mass": 36.698435443200005}}}